dateTime,Relative_humidity_room,Meteo_Rain,Meteo_Wind,Meteo_Sun_light_in_west_facade,Meteo_Sun_light_in_east_facade,Meteo_Sun_irradiance,Outdoor_relative_humidity_Sensor,Indoor_temperature_room
2012-03-13 11:46:00,42.415,0.0,1.42625,9690.24,12604.2,758.88,48.375,17.8275
2012-03-13 11:47:00,42.0027,0.0,0.661333,0.0,0.0,-3.57733,57.5387,22.5533
2012-03-13 11:48:00,42.8507,0.0,0.0413333,0.0,0.0,-3.25067,56.0453,17.1553
2012-03-13 11:49:00,40.624,0.0,2.028,9777.15,13444.4,763.52,52.4213,21.424
2012-03-13 11:50:00,45.056,0.0,0.564,0.0,0.0,-3.512,62.488,21.1293
2012-03-13 11:51:00,44.1227,0.0,0.163333,0.0,0.0,-3.38133,70.4533,19.0867
2012-03-13 11:52:00,44.8667,0.0,1.682,12597.9,16126.6,758.997,62.488,19.3553
2012-03-13 11:53:00,49.288,0.0,0.0,0.0,0.0,-3.44667,67.1573,19.6433
2012-03-13 11:54:00,48.7013,0.0,0.0,0.0,0.0,-3.18533,61.8213,15.9367
2012-03-13 11:55:00,45.9973,0.0,2.406,10614.8,14511.4,771.797,60.512,17.4187
2012-03-13 11:56:00,50.3467,0.0,0.0,0.0,0.0,-3.44667,62.7893,19.1367
2012-03-13 11:57:00,49.7173,0.0,0.524,0.0,0.0,-3.18533,66.088,16.1033
2012-03-13 11:58:00,46.3707,0.0,1.82667,10177.9,13637.6,773.973,51.5893,18.8107
2012-03-13 11:59:00,40.4027,0.0,0.659333,0.0,0.0,-3.96933,35.9227,22.312
2012-03-13 12:00:00,43.3893,0.0,1.696,0.0,0.0,-3.44667,48.7387,19.3153
2012-03-13 12:01:00,42.2453,0.0,1.592,11022.0,10787.2,762.069,47.808,18.1207
2012-03-13 12:02:00,42.4373,0.0,0.615333,0.0,0.0,-3.64267,57.9147,22.352
2012-03-13 12:03:00,42.8933,0.0,0.0,0.0,0.0,-3.12,55.984,17.0253
2012-03-13 12:04:00,41.4853,0.0,1.992,11366.1,11158.2,771.627,52.688,21.6
2012-03-13 12:05:00,45.6667,0.0,0.0,0.0,0.0,-3.708,62.7653,21.028
2012-03-13 12:06:00,44.2213,0.0,0.108667,0.0,0.0,-3.38133,70.7333,19.06
2012-03-13 12:07:00,44.84,0.0,1.63133,14499.2,13667.0,776.789,62.128,19.532
2012-03-13 12:08:00,49.4,0.0,0.036,0.0,0.0,-3.38133,67.52,19.52
2012-03-13 12:09:00,48.488,0.0,0.0,0.0,0.0,-3.12,61.5733,15.8313
2012-03-13 12:10:00,46.1947,0.0,2.156,12204.7,12176.0,774.784,60.7653,17.682
2012-03-13 12:11:00,50.4187,0.0,0.0,0.0,0.0,-3.44667,62.9733,19.0647
2012-03-13 12:12:00,49.7387,0.0,0.655333,0.0,0.0,-3.25067,66.3627,15.9947
2012-03-13 12:13:00,46.16,0.0,2.14333,11767.8,11474.3,777.216,50.472,19.168
2012-03-13 12:14:00,40.9093,0.0,1.32067,0.0,0.0,-4.03467,43.7,22.24
2012-03-13 12:15:00,43.344,0.0,1.26867,0.0,0.0,-3.512,49.24,19.204
2012-03-13 12:16:00,42.2267,0.0,1.89133,13960.5,9669.63,766.251,47.432,18.4367
2012-03-13 12:17:00,42.6267,0.0,0.458667,0.0,0.0,-3.64267,57.5893,22.1227
2012-03-13 12:18:00,42.856,0.0,0.230667,0.0,0.0,-3.18533,56.0373,16.894
2012-03-13 12:19:00,41.824,0.0,2.25667,14368.8,10135.6,776.619,53.16,21.8587
2012-03-13 12:20:00,45.8693,0.0,0.0,0.0,0.0,-3.64267,63.056,20.896
2012-03-13 12:21:00,44.3787,0.0,0.0,0.0,0.0,-3.18533,70.4453,19.048
2012-03-13 12:22:00,44.8213,0.0,1.81733,17859.2,12455.3,790.059,61.8933,19.724
2012-03-13 12:23:00,49.4747,0.0,0.124,0.0,0.0,-3.57733,68.0933,19.4367
2012-03-13 12:24:00,48.4453,0.0,0.0933333,0.0,0.0,-3.12,61.4933,15.7127
2012-03-13 12:25:00,46.408,0.0,2.64067,15214.6,10979.3,779.136,61.144,17.952
2012-03-13 12:26:00,50.5067,0.0,0.116,0.0,0.0,-3.708,63.0373,18.9627
2012-03-13 12:27:00,49.7707,0.0,0.290667,0.0,0.0,-3.042,66.088,15.9033
2012-03-13 12:28:00,45.9573,0.0,1.888,14411.8,10350.6,772.053,49.6027,19.5113
2012-03-13 12:29:00,41.6827,0.0,1.39533,0.0,0.0,-3.83867,47.6267,22.1413
2012-03-13 12:30:00,43.304,0.0,1.01133,0.0,0.0,-3.512,49.6053,19.1167
2012-03-13 12:31:00,42.0987,0.0,1.828,18511.2,9648.13,766.037,47.024,18.7513
2012-03-13 12:32:00,42.7493,0.0,0.132,0.0,0.0,-3.64267,57.1467,21.9347
2012-03-13 12:33:00,42.752,0.0,0.663333,0.0,0.0,-3.17267,56.0667,16.7433
2012-03-13 12:34:00,42.1573,0.0,1.81,18976.8,10092.5,775.253,53.3893,22.0573
2012-03-13 12:35:00,46.0667,0.0,0.0,0.0,0.0,-3.77333,62.96,20.816
2012-03-13 12:36:00,44.592,0.0,0.0,0.0,0.0,-3.18533,70.712,19.004
2012-03-13 12:37:00,44.824,0.0,1.88467,20833.6,11122.3,727.467,61.6107,19.9
2012-03-13 12:38:00,49.488,0.0,0.277333,0.0,0.0,-3.38133,68.9067,19.338
2012-03-13 12:39:00,48.3787,0.0,0.0,0.0,0.0,-3.12,61.3627,15.5847
2012-03-13 12:40:00,46.5307,0.0,2.10133,19602.1,10714.5,773.589,60.7253,18.166
2012-03-13 12:41:00,50.3493,0.0,0.904667,0.0,0.0,-3.38133,62.8747,18.896
2012-03-13 12:42:00,49.7467,0.0,0.268667,0.0,0.0,-3.12,65.9893,15.8133
2012-03-13 12:43:00,45.8107,0.0,2.61267,19128.3,10479.3,778.965,48.104,19.8427
2012-03-13 12:44:00,42.4907,0.0,1.462,0.0,0.0,-3.77333,49.864,22.064
2012-03-13 12:45:00,43.3253,0.0,1.36733,0.0,0.0,-3.316,49.9493,18.988
2012-03-13 12:46:00,42.0686,0.0,2.36071,26349.0,9208.32,762.743,45.4743,19.0414
2012-03-13 12:47:00,42.808,0.0,0.119333,0.0,0.0,-3.512,57.1653,21.7133
2012-03-13 12:48:00,42.648,0.0,1.298,0.0,0.0,-3.25067,56.1867,16.608
2012-03-13 12:49:00,42.6587,0.0,2.034,26528.4,9640.96,771.456,53.2213,22.1907
2012-03-13 12:50:00,45.4533,0.0,0.48,0.0,0.0,-3.57733,64.6267,20.6813
2012-03-13 12:51:00,44.7627,0.0,0.0,0.0,0.0,-3.25067,70.5333,19.0
2012-03-13 12:52:00,44.8853,0.0,2.14067,28001.6,10742.4,758.784,61.2667,20.0133
2012-03-13 12:53:00,49.52,0.0,0.196667,0.0,0.0,-3.38133,69.2613,19.22
2012-03-13 12:54:00,48.32,0.0,0.0,0.0,0.0,-3.12,61.1493,15.4687
2012-03-13 12:55:00,46.6587,0.0,1.922,26659.5,10049.5,771.584,60.464,18.4153
2012-03-13 12:56:00,50.1733,0.0,1.21533,0.0,0.0,-3.57733,60.936,18.8153
2012-03-13 12:57:00,49.784,0.0,0.119333,0.0,0.0,-3.18533,65.952,15.7187
2012-03-13 12:58:00,45.5093,0.0,2.526,26449.2,9784.32,777.984,46.8907,20.146
2012-03-13 12:59:00,43.3867,0.0,1.21333,0.0,0.0,-3.77333,51.464,21.944
2012-03-13 13:00:00,43.3467,0.0,1.19133,0.0,0.0,-3.25067,50.32,18.8993
2012-03-13 13:01:00,42.0347,0.0,2.06333,36511.7,8694.78,752.683,45.5467,19.2773
2012-03-13 13:02:00,42.8533,0.0,0.0,0.0,0.0,-3.38133,57.1813,21.5373
2012-03-13 13:03:00,42.672,0.0,0.706,0.0,0.0,-3.25067,56.104,16.4307
2012-03-13 13:04:00,43.472,0.0,1.952,37169.8,9017.34,762.795,53.2027,22.34
2012-03-13 13:05:00,45.488,0.0,0.783333,0.0,0.0,-3.77333,65.1147,20.572
2012-03-13 13:06:00,45.0133,0.0,0.209333,0.0,0.0,-3.18533,70.8507,19.0
2012-03-13 13:07:00,44.9307,0.0,2.348,39126.4,10372.1,780.288,60.752,20.1993
2012-03-13 13:08:00,49.616,0.0,0.0,0.0,0.0,-3.57733,69.4133,19.1167
2012-03-13 13:09:00,48.2267,0.0,0.0,0.0,0.0,-3.18533,60.824,15.3593
2012-03-13 13:10:00,46.6773,0.0,2.272,36664.7,9275.39,761.685,59.7813,18.6153
2012-03-13 13:11:00,50.1227,0.0,0.609333,0.0,0.0,-3.38133,60.1547,18.7227
2012-03-13 13:12:00,49.7627,0.0,0.036,0.0,0.0,-3.12,66.072,15.6307
2012-03-13 13:13:00,45.216,0.0,3.25067,36855.8,9160.7,768.853,46.2933,20.4473
2012-03-13 13:14:00,43.8027,0.0,0.26,0.0,0.0,-3.904,52.4693,21.8347
2012-03-13 13:15:00,43.3307,0.0,1.028,0.0,0.0,-3.25067,50.6933,18.8007
2012-03-13 13:16:00,41.9947,0.0,2.23067,49288.5,8501.25,740.949,44.968,19.5367
2012-03-13 13:17:00,42.856,0.0,0.0,0.0,0.0,-3.57733,57.2453,21.348
2012-03-13 13:18:00,42.776,0.0,0.0,0.0,0.0,-3.12,56.0907,16.2933
2012-03-13 13:19:00,43.312,0.0,1.90133,49610.8,8759.3,749.952,53.112,22.4707
2012-03-13 13:20:00,45.5253,0.0,0.986667,0.0,0.0,-3.708,65.7627,20.4173
2012-03-13 13:21:00,45.0293,0.0,0.226,0.0,0.0,-3.38133,71.7493,18.99
2012-03-13 13:22:00,45.0027,0.0,2.004,52251.3,10020.9,771.371,60.0293,20.352
2012-03-13 13:23:00,49.7653,0.0,0.0773333,0.0,0.0,-3.512,69.4987,18.9793
2012-03-13 13:24:00,48.0747,0.0,0.0,0.0,0.0,-3.12,60.8773,15.212
2012-03-13 13:25:00,46.904,0.0,2.64,48483.0,9017.34,746.624,58.832,18.7973
2012-03-13 13:26:00,50.0453,0.0,0.158,0.0,0.0,-3.38133,60.2187,18.6173
2012-03-13 13:27:00,49.5973,0.0,0.83,0.0,0.0,-3.12,66.736,15.5447
2012-03-13 13:28:00,44.9947,0.0,2.578,48818.9,8960.0,751.744,45.048,20.74
2012-03-13 13:29:00,44.216,0.0,0.0,0.0,0.0,-3.64267,53.5707,21.7267
2012-03-13 13:30:00,43.3227,0.0,0.924667,0.0,0.0,-3.38133,51.0587,18.6707
2012-03-13 13:31:00,41.9947,0.0,1.924,62253.7,8687.62,721.109,45.1813,19.7307
2012-03-13 13:32:00,42.9227,0.0,0.0,0.0,0.0,-3.38133,57.3653,21.148
2012-03-13 13:33:00,42.8667,0.0,0.0,0.0,0.0,-3.12,56.4747,16.174
2012-03-13 13:34:00,43.472,0.0,2.008,62794.4,8902.66,731.392,53.008,22.62
2012-03-13 13:35:00,45.6133,0.0,0.576,0.0,0.0,-3.708,65.6587,20.308
2012-03-13 13:36:00,45.1093,0.0,0.0,0.0,0.0,-3.12,71.92,18.9447
2012-03-13 13:37:00,45.096,0.0,2.19867,64563.9,9970.69,741.504,59.336,20.476
2012-03-13 13:38:00,49.744,0.0,0.127333,0.0,0.0,-3.57733,69.504,18.8913
2012-03-13 13:39:00,48.1467,0.0,0.0,0.0,0.0,-3.12,61.0667,15.12
2012-03-13 13:40:00,47.0267,0.0,2.50533,61065.9,9275.39,732.331,58.4213,19.002
2012-03-13 13:41:00,49.928,0.0,0.0,0.0,0.0,-3.44667,60.336,18.52
2012-03-13 13:42:00,49.784,0.0,0.0,0.0,0.0,-3.25067,65.8907,15.4367
2012-03-13 13:43:00,45.08,0.0,2.63733,62029.8,9210.88,739.499,44.2,20.9973
2012-03-13 13:44:00,44.5707,0.0,0.246,0.0,0.0,-3.44667,54.4773,21.6413
2012-03-13 13:45:00,43.4053,0.0,0.42,0.0,0.0,-3.18533,51.6187,18.6
2012-03-13 13:46:00,42.1253,0.0,2.51067,71453.4,8888.32,699.392,45.416,19.9693
2012-03-13 13:47:00,42.9413,0.0,0.0,0.0,0.0,-3.44667,57.5253,20.9813
2012-03-13 13:48:00,42.9387,0.0,0.0,0.0,0.0,-3.18533,57.0773,16.036
2012-03-13 13:49:00,43.6587,0.0,2.08933,72485.5,8967.17,712.491,52.6907,22.624
2012-03-13 13:50:00,46.232,0.0,0.218,0.0,0.0,-3.25067,65.2187,20.1407
2012-03-13 13:51:00,44.8453,0.0,0.222,0.0,0.0,-3.316,71.6027,18.9207
2012-03-13 13:52:00,45.2,0.0,1.92667,71335.9,9683.97,695.36,58.936,20.5773
2012-03-13 13:53:00,49.7467,0.0,0.0746667,0.0,0.0,-3.38133,69.24,18.7913
2012-03-13 13:54:00,48.1387,0.0,0.0,0.0,0.0,-3.12,61.2773,14.9953
2012-03-13 13:55:00,47.176,0.0,2.738,70180.9,9354.24,708.949,58.56,19.1847
2012-03-13 13:56:00,49.8053,0.0,0.0986667,0.0,0.0,-3.38133,60.6667,18.4573
2012-03-13 13:57:00,49.7973,0.0,0.106667,0.0,0.0,-3.12,66.1333,15.3247
2012-03-13 13:58:00,44.9653,0.0,3.47333,71346.9,9282.56,715.051,43.6,21.1987
2012-03-13 13:59:00,44.8587,0.0,0.427333,0.0,0.0,-3.708,55.2747,21.5427
2012-03-13 14:00:00,43.416,0.0,0.0386667,0.0,0.0,-3.316,52.032,18.5007
2012-03-13 14:01:00,42.0427,0.0,2.65333,80076.8,9046.02,677.675,45.0213,20.1407
2012-03-13 14:02:00,43.016,0.0,0.0,0.0,0.0,-3.512,57.712,20.8107
2012-03-13 14:03:00,42.9787,0.0,0.0,0.0,0.0,-3.18533,56.8853,15.9227
2012-03-13 14:04:00,43.6027,0.0,1.63933,81002.5,9053.18,686.507,52.288,22.692
2012-03-13 14:05:00,46.4693,0.0,0.0386667,0.0,0.0,-3.316,65.2773,19.9987
2012-03-13 14:06:00,44.9573,0.0,0.0,0.0,0.0,-3.12,71.28,18.8607
2012-03-13 14:07:00,45.344,0.0,2.75067,80011.3,9856.0,680.917,58.5147,20.644
2012-03-13 14:08:00,49.688,0.0,0.0726667,0.0,0.0,-3.316,69.008,18.6867
2012-03-13 14:09:00,48.1387,0.0,0.228,0.0,0.0,-3.12,61.248,14.8627
2012-03-13 14:10:00,47.4027,0.0,2.68733,78105.3,9397.25,682.752,58.3947,19.3053
2012-03-13 14:11:00,49.7253,0.0,0.168667,0.0,0.0,-3.38133,61.0987,18.3593
2012-03-13 14:12:00,49.8293,0.0,0.0,0.0,0.0,-3.10733,66.2373,15.26
2012-03-13 14:13:00,44.424,0.0,3.378,79467.9,9325.57,689.237,42.5733,21.48
2012-03-13 14:14:00,45.12,0.0,0.134,0.0,0.0,-3.83867,55.952,21.44
2012-03-13 14:15:00,43.4827,0.0,0.168,0.0,0.0,-3.38133,52.3493,18.3613
2012-03-13 14:16:00,42.1787,0.0,2.82667,86682.3,9182.21,648.427,44.36,20.3267
2012-03-13 14:17:00,43.0853,0.0,0.0,0.0,0.0,-3.44667,57.896,20.66
2012-03-13 14:18:00,43.016,0.0,0.0,0.0,0.0,-2.19667,56.9093,15.8607
2012-03-13 14:19:00,43.3333,0.0,1.872,88124.1,9218.05,657.472,51.784,22.7347
2012-03-13 14:20:00,46.752,0.0,0.0,0.0,0.0,-3.57733,65.1707,19.9033
2012-03-13 14:21:00,45.048,0.0,0.0,0.0,0.0,-2.6,70.9653,18.7953
2012-03-13 14:22:00,45.4773,0.0,2.52467,85371.6,9934.85,649.451,58.0613,20.7027
2012-03-13 14:23:00,49.6933,0.0,0.052,0.0,0.0,-3.316,68.7973,18.58
2012-03-13 14:24:00,47.944,0.0,0.0,0.0,344.064,-1.02667,61.192,14.7667
2012-03-13 14:25:00,47.568,0.0,2.524,84929.2,9519.1,654.336,57.88,19.4547
2012-03-13 14:26:00,49.688,0.0,0.108667,0.0,0.0,-3.25067,61.4773,18.232
2012-03-13 14:27:00,49.8213,0.0,0.0,0.0,329.728,-0.922667,66.2667,15.1807
2012-03-13 14:28:00,44.1547,0.0,3.32133,86286.3,9411.58,660.715,42.2987,21.7
2012-03-13 14:29:00,45.2773,0.0,0.153333,0.0,0.0,-3.57733,56.48,21.332
2012-03-13 14:30:00,43.5547,0.0,0.233333,0.0,939.008,0.0653333,52.6667,18.2667
2012-03-13 14:31:00,42.7067,0.0,2.49467,88648.4,9347.07,615.68,44.7947,20.4713
2012-03-13 14:32:00,43.1307,0.0,0.0,0.0,0.0,-3.44667,58.0133,20.4753
2012-03-13 14:33:00,43.0747,0.0,0.0,150.528,2042.88,6.454,56.9573,15.74
2012-03-13 14:34:00,43.2533,0.0,1.82067,91045.9,9447.42,627.84,50.8,22.78
2012-03-13 14:35:00,46.5893,0.0,0.0,0.0,0.0,-3.57733,65.072,19.7833
2012-03-13 14:36:00,45.0213,0.0,0.0,250.88,2100.22,6.12933,70.4773,18.7267
2012-03-13 14:37:00,45.6347,0.0,2.56867,82528.9,9698.3,585.749,58.0507,20.744
2012-03-13 14:38:00,49.576,0.0,0.044,0.0,0.0,-3.18533,68.8453,18.44
2012-03-13 14:39:00,47.8453,0.0,0.0,322.56,2881.54,9.37133,61.2347,14.6507
2012-03-13 14:40:00,47.7253,0.0,2.21467,85614.6,9519.1,606.165,57.288,19.59
2012-03-13 14:41:00,49.6347,0.0,0.0,0.0,0.0,-3.38133,61.6667,18.1647
2012-03-13 14:42:00,49.8107,0.0,0.0,802.816,3333.12,10.5553,66.3413,15.074
2012-03-13 14:43:00,43.7867,0.0,3.186,88675.7,9511.94,627.392,41.3987,21.9
2012-03-13 14:44:00,45.4267,0.0,0.0,0.0,0.0,-3.38133,57.7733,21.244
2012-03-13 14:45:00,43.592,0.0,0.0,1584.13,6972.76,13.264,53.0347,18.18
2012-03-13 14:46:00,41.5147,0.0,2.466,91406.3,9712.64,582.869,43.984,20.9093
2012-03-13 14:47:00,43.1813,0.0,0.0,0.0,0.0,-3.38133,57.928,20.3147
2012-03-13 14:48:00,43.0853,0.0,0.0,4107.26,22017.0,32.7267,57.088,15.6427
2012-03-13 14:49:00,43.1067,0.0,1.96067,93498.0,9784.32,594.283,49.4987,22.816
2012-03-13 14:50:00,46.8933,0.0,0.0,0.0,0.0,-3.57733,64.3813,19.658
2012-03-13 14:51:00,44.9733,0.0,0.0,4609.02,27496.1,41.1607,70.1413,18.672
2012-03-13 14:52:00,45.768,0.0,2.466,83918.8,9970.35,558.997,58.32,20.8133
2012-03-13 14:53:00,49.7333,0.0,0.0,0.0,0.0,-3.25067,68.7707,18.3333
2012-03-13 14:54:00,47.8373,0.0,0.0,3834.88,20702.9,37.7533,61.3147,14.556
2012-03-13 14:55:00,47.9973,0.0,2.59067,88566.4,9712.64,585.493,56.1573,19.694
2012-03-13 14:56:00,49.6027,0.0,0.139333,0.0,0.0,-3.25067,61.7653,18.0867
2012-03-13 14:57:00,49.848,0.0,0.0,6114.3,36126.7,49.5333,66.24,15.004
2012-03-13 14:58:00,43.5973,0.0,3.138,82946.7,9060.35,551.125,40.8213,22.0813
2012-03-13 14:59:00,45.5653,0.0,0.204667,0.0,0.0,-3.64267,58.2107,21.1333
2012-03-13 15:00:00,43.6267,0.0,0.509333,7067.65,42087.8,56.1853,53.4773,18.09
2012-03-13 15:01:00,40.956,0.0,2.432,90472.4,9963.52,544.533,44.5467,21.4253
2012-03-13 15:02:00,43.24,0.0,0.0,0.0,0.0,-3.512,58.048,20.164
2012-03-13 15:03:00,43.0507,0.0,0.0,7877.63,43632.0,72.7547,56.8347,15.5307
2012-03-13 15:04:00,43.0213,0.0,1.782,93066.6,9992.19,558.443,48.1893,22.8213
2012-03-13 15:05:00,46.7413,0.0,0.0,0.0,0.0,-3.512,63.3573,19.52
2012-03-13 15:06:00,44.8293,0.0,0.036,8350.72,46123.7,83.4,69.5067,18.6067
2012-03-13 15:07:00,45.976,0.0,2.74533,74973.2,9275.39,481.195,58.6,20.844
2012-03-13 15:08:00,49.792,0.0,0.0,0.0,0.0,-3.316,68.7387,18.2247
2012-03-13 15:09:00,47.8,0.0,0.0493333,7175.17,38000.0,74.9173,61.5253,14.458
2012-03-13 15:10:00,48.264,0.0,3.09733,88528.2,9719.81,548.971,54.7787,19.7767
2012-03-13 15:11:00,49.5547,0.0,0.308667,0.0,0.0,-3.316,61.912,17.9947
2012-03-13 15:12:00,49.832,0.0,0.0,9031.68,50727.6,89.1253,65.768,14.9533
2012-03-13 15:13:00,43.7413,0.0,2.464,88495.4,9741.31,551.211,40.4613,22.2333
2012-03-13 15:14:00,45.6907,0.0,0.153333,0.0,0.0,-3.57733,58.5467,21.0173
2012-03-13 15:15:00,43.6347,0.0,0.677333,9332.74,53663.1,95.1067,53.4213,18.0127
2012-03-13 15:16:00,40.6347,0.0,1.732,88391.7,9655.3,503.744,44.7813,21.8467
2012-03-13 15:17:00,43.2427,0.0,0.0,0.0,0.0,-3.44667,58.0107,19.9967
2012-03-13 15:18:00,42.904,0.0,0.127333,9734.14,54998.4,116.608,56.12,15.4753
2012-03-13 15:19:00,42.8987,0.0,2.03067,91258.9,9612.29,518.827,46.432,22.808
2012-03-13 15:20:00,46.4053,0.0,0.0,0.0,0.0,-3.18533,64.584,19.4027
2012-03-13 15:21:00,44.584,0.0,0.135333,10099.4,57300.3,129.36,69.0933,18.54
2012-03-13 15:22:00,46.184,0.0,2.25333,76346.7,9425.92,472.363,58.9253,20.8107
2012-03-13 15:23:00,49.6747,0.0,0.233333,0.0,0.0,-3.25067,68.896,18.0773
2012-03-13 15:24:00,47.752,0.0,0.189333,9024.51,49269.4,117.205,61.6267,14.41
2012-03-13 15:25:00,48.4133,0.0,2.55467,86594.9,9232.38,510.656,53.4827,19.8
2012-03-13 15:26:00,49.5627,0.0,0.0746667,0.0,0.0,-3.316,61.84,17.8553
2012-03-13 15:27:00,49.752,0.0,0.0,10256.7,58613.8,132.357,65.2347,14.8947
2012-03-13 15:28:00,42.9467,0.0,3.866,86851.6,9361.41,511.573,39.7267,22.3627
2012-03-13 15:29:00,45.848,0.0,0.542667,0.0,0.0,-3.44667,58.3573,20.9267
2012-03-13 15:30:00,43.5893,0.0,1.476,10736.0,62343.9,142.859,53.488,17.9267
2012-03-13 15:31:00,40.8413,0.0,1.89133,89134.4,8651.78,460.523,45.6773,22.1573
2012-03-13 15:32:00,43.248,0.0,0.0,0.0,0.0,-3.316,57.864,19.846
2012-03-13 15:33:00,42.84,0.0,0.0,11285.8,62906.4,164.304,55.3573,15.3773
2012-03-13 15:34:00,42.624,0.0,1.84467,92160.0,8673.28,476.373,45.1947,22.776
2012-03-13 15:35:00,45.7573,0.0,0.0,0.0,0.0,-3.38133,64.9653,19.3573
2012-03-13 15:36:00,44.4933,0.0,0.044,11739.1,66830.3,176.256,68.5787,18.5
2012-03-13 15:37:00,46.352,0.0,2.498,77968.7,9232.38,450.752,59.2533,20.8187
2012-03-13 15:38:00,49.7893,0.0,0.0,0.0,0.0,-3.25067,68.4053,17.98
2012-03-13 15:39:00,47.664,0.0,0.282,10771.5,58141.4,166.331,61.568,14.342
2012-03-13 15:40:00,48.4,0.0,2.976,85950.5,8372.22,464.32,52.4267,19.8373
2012-03-13 15:41:00,49.5547,0.0,0.0,0.0,0.0,-3.512,62.2853,17.8007
2012-03-13 15:42:00,49.6373,0.0,0.148,11531.6,64501.1,183.205,64.2427,14.868
2012-03-13 15:43:00,42.5093,0.0,4.32533,86087.0,8494.08,466.24,39.8867,22.428
2012-03-13 15:44:00,45.9093,0.0,0.0673333,0.0,0.0,-3.64267,59.3493,20.8133
2012-03-13 15:45:00,43.5467,0.0,0.903333,11989.0,68498.8,195.605,52.3547,17.88
2012-03-13 15:46:00,40.8867,0.0,1.64267,88462.7,7906.3,415.744,45.5173,22.404
2012-03-13 15:47:00,43.2293,0.0,0.0,0.0,0.0,-3.18533,57.7173,19.6773
2012-03-13 15:48:00,42.064,0.0,0.0,12533.8,69208.7,214.869,54.4987,15.6793
2012-03-13 15:49:00,42.224,0.0,2.00933,91930.6,7985.15,431.253,44.3787,22.7347
2012-03-13 15:50:00,45.0,0.0,0.0,0.0,0.0,-3.25067,64.7307,19.5787
2012-03-13 15:51:00,44.352,0.0,0.134667,12785.0,69779.5,224.896,68.2907,18.496
2012-03-13 15:52:00,46.5627,0.0,1.97133,87831.9,9683.97,457.259,59.5787,20.8373
2012-03-13 15:53:00,49.752,0.0,0.0,0.0,0.0,-3.38133,68.0667,17.862
2012-03-13 15:54:00,47.576,0.0,0.0,12291.4,66125.8,219.573,61.096,14.3067
2012-03-13 15:55:00,48.472,0.0,2.336,85551.8,7805.95,419.371,52.544,19.894
2012-03-13 15:56:00,49.56,0.0,0.0906667,0.0,0.0,-3.25067,62.664,17.7053
2012-03-13 15:57:00,49.5973,0.0,0.452,12619.8,69585.6,234.069,63.3787,14.8333
2012-03-13 15:58:00,42.552,0.0,3.69667,85677.4,7942.14,421.141,39.6107,22.5453
2012-03-13 15:59:00,46.0,0.0,0.0726667,0.0,0.0,-3.64267,58.624,20.7027
2012-03-13 16:00:00,43.528,0.0,1.71,13200.7,73796.3,252.203,50.7413,17.848
2012-03-13 16:01:00,40.3867,0.0,1.59067,85333.3,7433.22,368.917,45.2373,22.7307
2012-03-13 16:02:00,43.1573,0.0,0.0,0.0,0.0,-3.25067,57.5627,19.526
2012-03-13 16:03:00,41.116,0.0,0.0,13487.4,72149.7,264.331,53.9627,16.2273
2012-03-13 16:04:00,41.952,0.0,1.56,88861.4,7533.57,383.637,44.2373,22.6907
2012-03-13 16:05:00,44.64,0.0,0.0,0.0,0.0,-3.38133,64.304,19.672
2012-03-13 16:06:00,44.144,0.0,0.202667,13839.7,73542.3,270.869,68.1093,18.52
2012-03-13 16:07:00,46.8133,0.0,2.032,85641.9,9318.4,406.293,59.9013,20.8347
2012-03-13 16:08:00,49.68,0.0,0.0,0.0,0.0,-3.18533,67.68,17.766
2012-03-13 16:09:00,47.3653,0.0,0.0413333,13566.6,71060.1,271.499,60.4453,14.2733
2012-03-13 16:10:00,48.632,0.0,2.448,82998.6,7476.22,375.488,52.7947,19.92
2012-03-13 16:11:00,49.5627,0.0,0.0,0.0,0.0,-3.44667,62.8453,17.6067
2012-03-13 16:12:00,49.4053,0.0,1.41067,13581.7,71887.5,281.493,63.0133,14.856
2012-03-13 16:13:00,42.5467,0.0,3.942,83006.8,7669.76,377.131,39.4973,22.608
2012-03-13 16:14:00,46.0,0.0,0.324,0.0,0.0,-3.25067,53.952,20.608
2012-03-13 16:15:00,43.448,0.0,1.248,14275.9,76480.5,302.933,50.1093,17.852
2012-03-13 16:16:00,39.9227,0.0,1.732,84587.9,7175.17,320.448,45.0747,22.9373
2012-03-13 16:17:00,43.16,0.0,0.0,0.0,0.0,-3.316,57.472,19.3733
2012-03-13 16:18:00,40.5907,0.0,0.0,14361.3,74227.7,313.227,54.224,16.6473
2012-03-13 16:19:00,41.664,0.0,1.636,88479.1,7347.2,334.421,44.0347,22.608
2012-03-13 16:20:00,44.256,0.0,0.0,0.0,0.0,-3.38133,63.7627,19.7
2012-03-13 16:21:00,43.9013,0.0,0.274667,14814.5,76114.6,324.117,67.4933,18.4907
2012-03-13 16:22:00,47.008,0.0,1.89933,86603.1,8924.16,355.52,60.2,20.8013
2012-03-13 16:23:00,49.6,0.0,0.0,0.0,0.0,-3.12,67.6347,17.6153
2012-03-13 16:24:00,47.1413,0.0,0.0,14584.5,73632.4,319.851,60.2133,14.2967
2012-03-13 16:25:00,48.6373,0.0,2.234,81259.2,7160.83,322.187,52.4,19.93
2012-03-13 16:26:00,49.5627,0.0,0.0,0.0,0.0,-3.316,62.9493,17.508
2012-03-13 16:27:00,49.1253,0.0,1.40667,14482.8,73490.4,331.712,62.9787,14.8933
2012-03-13 16:28:00,42.568,0.0,3.72133,82690.0,7454.72,327.36,39.1707,22.656
2012-03-13 16:29:00,45.7627,0.0,0.394667,0.0,0.0,-3.44667,52.3653,20.4853
2012-03-13 16:30:00,43.344,0.0,2.332,15086.3,77679.3,353.109,49.7253,17.9067
2012-03-13 16:31:00,39.6133,0.0,1.59,78588.6,6831.1,271.723,45.072,23.2
2012-03-13 16:32:00,43.152,0.0,0.0,0.0,0.0,-3.44667,57.7253,19.2087
2012-03-13 16:33:00,40.2613,0.0,0.0,15451.5,75502.9,361.685,55.1733,17.0253
2012-03-13 16:34:00,41.5227,0.0,1.498,82580.8,7081.98,285.024,43.544,22.5613
2012-03-13 16:35:00,43.9893,0.0,0.0,0.0,0.0,-3.316,63.152,19.7033
2012-03-13 16:36:00,44.4027,0.0,0.736667,15773.7,76567.9,374.293,66.8533,18.1873
2012-03-13 16:37:00,47.2453,0.0,1.94733,80074.1,8257.54,298.368,60.304,20.792
2012-03-13 16:38:00,49.5813,0.0,0.0,0.0,0.0,-3.36867,68.024,17.516
2012-03-13 16:39:00,46.856,0.0,0.254,15487.0,74874.9,368.811,60.4853,14.3753
2012-03-13 16:40:00,48.6827,0.0,2.252,72562.0,6680.58,264.043,52.9867,19.8893
2012-03-13 16:41:00,49.5653,0.0,0.0,0.0,0.0,-3.316,63.3387,17.4033
2012-03-13 16:42:00,48.624,0.0,1.52333,15351.1,74653.7,381.845,63.0533,14.9893
2012-03-13 16:43:00,42.7093,0.0,2.726,76671.7,7146.5,277.056,39.292,22.6987
2012-03-13 16:44:00,45.5707,0.0,1.25267,0.0,0.0,-3.38133,50.4773,20.392
2012-03-13 16:45:00,43.1947,0.0,2.72267,15860.4,78118.9,402.603,49.496,17.9773
2012-03-13 16:46:00,39.084,0.0,1.94733,74555.4,6515.71,222.443,44.128,23.436
2012-03-13 16:47:00,43.1573,0.0,0.0,0.0,0.0,-3.44667,58.3413,19.0527
2012-03-13 16:48:00,39.98,0.0,0.0,17179.3,75882.5,406.677,56.2373,17.3987
2012-03-13 16:49:00,41.48,0.0,1.782,78711.5,6773.76,234.805,43.4693,22.484
2012-03-13 16:50:00,43.752,0.0,0.036,0.0,0.0,-3.38133,62.3547,19.684
2012-03-13 16:51:00,44.856,0.0,1.09467,17444.9,76895.6,421.973,65.648,18.0307
2012-03-13 16:52:00,47.5253,0.0,1.382,76382.2,7684.1,245.109,60.4747,20.732
2012-03-13 16:53:00,49.5573,0.0,0.0,0.0,0.0,-3.44667,67.768,17.42
2012-03-13 16:54:00,46.4667,0.0,0.350667,17021.6,74809.3,415.936,60.9333,14.472
2012-03-13 16:55:00,48.616,0.0,2.33333,67646.8,6336.51,215.595,53.6533,19.886
2012-03-13 16:56:00,49.5627,0.0,0.0,0.0,0.0,-3.25067,63.512,17.3527
2012-03-13 16:57:00,48.2827,0.0,1.534,16871.4,74869.4,429.867,62.912,15.1233
2012-03-13 16:58:00,42.7733,0.0,3.29,70320.1,6616.06,220.512,39.868,22.6933
2012-03-13 16:59:00,45.28,0.0,1.03867,0.0,0.0,-3.77333,49.7733,20.3007
2012-03-13 17:00:00,42.9173,0.0,2.12533,17421.7,77996.0,452.032,49.1067,18.0713
2012-03-13 17:01:00,38.3013,0.0,1.564,65830.9,5899.26,173.835,43.2747,23.668
2012-03-13 17:02:00,43.24,0.0,0.0,0.0,0.0,-3.18533,58.496,18.8973
2012-03-13 17:03:00,39.62,0.0,0.0,18683.9,76455.9,449.92,56.9333,17.7927
2012-03-13 17:04:00,41.0613,0.0,1.246,70421.2,6207.49,184.949,43.048,22.3867
2012-03-13 17:05:00,43.5173,0.0,0.426,0.0,0.0,-3.25067,61.8907,19.648
2012-03-13 17:06:00,45.0053,0.0,0.828,18720.1,76996.6,465.877,65.1947,18.04
2012-03-13 17:07:00,47.6827,0.0,1.56467,67827.0,6773.76,189.035,60.8907,20.676
2012-03-13 17:08:00,49.5333,0.0,0.0,0.0,0.0,-3.18533,67.4987,17.312
2012-03-13 17:09:00,46.16,0.0,0.372,18054.5,75462.0,460.885,61.392,14.594
2012-03-13 17:10:00,48.6373,0.0,2.186,60416.0,5827.58,173.125,54.2827,19.8467
2012-03-13 17:11:00,49.568,0.0,0.259333,0.0,0.0,-3.12,63.9253,17.2427
2012-03-13 17:12:00,47.9253,0.0,1.78467,17723.4,76363.1,477.205,62.672,15.3167
2012-03-13 17:13:00,42.7947,0.0,2.31933,63217.7,6293.5,180.037,40.2107,22.7213
2012-03-13 17:14:00,44.8587,0.0,1.44667,0.0,0.0,-3.44667,49.176,20.188
2012-03-13 17:15:00,42.6027,0.0,2.57,17831.9,79178.4,497.109,48.7413,18.274
2012-03-13 17:16:00,37.7867,0.0,1.544,40424.4,4243.46,101.244,43.6107,23.852
2012-03-13 17:17:00,43.2613,0.0,0.0,0.0,0.0,-3.18533,58.1013,18.734
2012-03-13 17:18:00,39.2147,0.0,0.192,17724.8,78654.1,495.829,56.792,18.2633
2012-03-13 17:19:00,40.8947,0.0,1.578,48251.2,4652.03,116.075,43.36,22.2987
2012-03-13 17:20:00,43.2747,0.0,1.09733,0.0,0.0,-3.25067,61.864,19.55
2012-03-13 17:21:00,45.0053,0.0,0.918667,17802.6,78946.3,509.952,64.7307,18.036
2012-03-13 17:22:00,47.76,0.0,1.77333,50734.4,5153.79,125.161,61.608,20.628
2012-03-13 17:23:00,49.504,0.0,0.0,0.0,0.0,-3.12,67.216,17.1813
2012-03-13 17:24:00,45.8933,0.0,0.467333,16906.9,76748.1,503.765,61.8773,14.7667
2012-03-13 17:25:00,48.504,0.0,2.188,46484.5,4594.69,119.069,55.1893,19.7767
2012-03-13 17:26:00,49.584,0.0,0.0,0.0,0.0,-3.316,64.3147,17.1433
2012-03-13 17:27:00,47.68,0.0,1.64733,16398.3,77310.6,521.323,62.0533,15.52
2012-03-13 17:28:00,42.9467,0.0,2.818,41916.4,4666.37,113.149,36.5533,22.7067
2012-03-13 17:29:00,44.4507,0.0,1.14267,0.0,0.0,-3.512,48.528,20.1073
2012-03-13 17:30:00,42.344,0.0,2.04667,16341.0,78785.2,536.832,48.1813,18.4667
2012-03-13 17:31:00,37.712,0.0,1.08867,3024.9,2229.25,24.6653,45.8293,24.0213
2012-03-13 17:32:00,43.2187,0.0,0.0,0.0,0.0,-3.18533,57.44,18.5833
2012-03-13 17:33:00,38.5987,0.0,0.174,15824.9,75707.7,533.163,55.752,18.712
2012-03-13 17:34:00,40.776,0.0,1.254,2788.35,2386.94,24.2627,44.864,22.1787
2012-03-13 17:35:00,43.2133,0.0,0.420667,0.0,0.0,-3.25067,65.3653,19.4333
2012-03-13 17:36:00,45.0507,0.0,0.663333,16547.8,74918.6,545.472,63.672,18.0753
2012-03-13 17:37:00,47.7947,0.0,1.622,2895.87,2652.16,27.412,62.4133,20.5493
2012-03-13 17:38:00,49.4187,0.0,0.0,0.0,0.0,-3.25067,66.544,17.0573
2012-03-13 17:39:00,45.632,0.0,0.160667,15509.5,74375.2,543.552,62.0853,14.9827
2012-03-13 17:40:00,48.5627,0.0,1.60667,3856.38,2300.93,31.1627,55.5547,19.7467
2012-03-13 17:41:00,49.5947,0.0,0.0,0.0,0.0,-3.18533,64.6,17.054
2012-03-13 17:42:00,47.5067,0.0,1.91667,14963.4,74528.1,561.003,61.2187,15.7787
2012-03-13 17:43:00,42.2,0.0,2.176,5074.94,2580.48,35.044,34.8293,22.7
2012-03-13 17:44:00,44.1253,0.0,1.12,0.0,0.0,-3.44667,48.1867,20.0
2012-03-13 17:45:00,42.1147,0.0,1.90467,15243.3,75983.5,578.475,47.9867,18.6693
2012-03-13 17:46:00,37.748,0.0,0.844667,2207.74,1576.96,15.57,47.0693,24.1413
2012-03-13 17:47:00,43.1653,0.0,0.0,0.0,0.0,-3.38133,57.5707,18.4167
2012-03-13 17:48:00,37.8773,0.0,0.440667,14361.9,72237.1,574.272,55.08,19.2667
2012-03-13 17:49:00,40.9387,0.0,1.41867,2085.89,1734.66,15.6347,48.3867,22.064
2012-03-13 17:50:00,43.272,0.0,0.326,0.0,0.0,-3.042,68.5467,19.382
2012-03-13 17:51:00,45.104,0.0,1.51933,15938.9,69296.1,560.405,63.792,18.166
2012-03-13 17:52:00,47.9973,0.0,0.963333,1806.34,1397.76,16.5447,62.8773,20.454
2012-03-13 17:53:00,49.36,0.0,0.113333,0.0,0.0,-3.25067,65.6107,16.9153
2012-03-13 17:54:00,45.4213,0.0,0.484667,14390.6,71142.1,579.541,61.856,15.1887
2012-03-13 17:55:00,48.5253,0.0,1.02733,2487.3,1290.24,18.6933,56.3173,19.684
2012-03-13 17:56:00,49.608,0.0,0.0746667,0.0,0.0,-3.12,64.744,16.9433
2012-03-13 17:57:00,47.3547,0.0,1.74533,13774.8,71071.1,596.779,60.4507,16.0433
2012-03-13 17:58:00,41.4773,0.0,2.26,4379.65,2630.66,28.7947,33.4947,22.672
2012-03-13 17:59:00,43.88,0.0,1.2,0.0,0.0,-3.44667,47.76,19.9493
2012-03-13 18:00:00,41.9573,0.0,2.24933,12419.8,64118.1,525.424,46.944,18.8907
2012-03-13 18:01:00,37.8373,0.0,1.442,1017.86,222.208,5.00933,49.5467,24.268
2012-03-13 18:02:00,43.16,0.0,0.0,0.0,0.0,-3.316,57.4293,18.2727
2012-03-13 18:03:00,37.096,0.0,0.764667,13043.0,67125.2,612.971,54.1627,19.8067
2012-03-13 18:04:00,41.44,0.0,0.780667,1103.87,473.088,5.62067,51.8347,21.952
2012-03-13 18:05:00,43.424,0.0,0.036,0.0,0.0,-3.12,69.3893,19.3153
2012-03-13 18:06:00,45.4587,0.0,1.15467,16104.8,55211.3,553.493,64.4,18.204
2012-03-13 18:07:00,48.2587,0.0,0.844,71.68,0.0,4.24067,63.6533,20.36
2012-03-13 18:08:00,49.2747,0.0,0.0,0.0,0.0,-3.18533,65.032,16.78
2012-03-13 18:09:00,45.368,0.0,1.05733,13344.1,65792.7,615.36,61.7013,15.438
2012-03-13 18:10:00,48.7467,0.0,1.38733,250.88,0.0,4.45,57.8533,19.6
2012-03-13 18:11:00,49.6133,0.0,0.0,0.0,0.0,-3.12,64.928,16.8427
2012-03-13 18:12:00,47.1787,0.0,2.32267,12656.0,64741.4,625.728,59.28,16.3513
2012-03-13 18:13:00,40.7747,0.0,1.93,2508.8,1419.26,13.6667,33.444,22.664
2012-03-13 18:14:00,43.7173,0.0,0.966667,0.0,0.0,-3.38133,47.4693,19.8933
2012-03-13 18:15:00,41.6667,0.0,2.31067,11761.0,61042.7,597.589,46.0267,19.124
2012-03-13 18:16:00,38.2173,0.0,0.969333,0.0,0.0,-2.93933,52.2027,24.38
2012-03-13 18:17:00,43.16,0.0,0.0,0.0,0.0,-3.12,57.3867,18.0973
2012-03-13 18:18:00,36.3373,0.0,0.392,11896.1,58480.0,641.6,53.416,20.3413
2012-03-13 18:19:00,42.048,0.0,0.650667,0.0,0.0,-2.58867,54.5067,21.8613
2012-03-13 18:20:00,43.5573,0.0,0.0,0.0,0.0,-3.12,69.824,19.3
2012-03-13 18:21:00,45.6427,0.0,1.27067,15063.7,59460.3,642.645,64.264,18.316
2012-03-13 18:22:00,48.392,0.0,0.931333,0.0,0.0,-2.74267,64.456,20.2733
2012-03-13 18:23:00,49.2507,0.0,0.0,0.0,0.0,-3.18533,64.5467,16.6573
2012-03-13 18:24:00,45.384,0.0,0.958667,12420.4,57445.0,645.909,61.672,15.684
2012-03-13 18:25:00,49.048,0.0,1.17333,0.0,0.0,-2.31267,60.28,19.542
2012-03-13 18:26:00,49.6293,0.0,0.0493333,0.0,0.0,-3.18533,65.0453,16.722
2012-03-13 18:27:00,47.168,0.0,2.17733,11623.8,56890.7,662.464,57.7653,16.6787
2012-03-13 18:28:00,40.2133,0.0,1.706,430.08,0.0,-0.949333,33.3893,22.62
2012-03-13 18:29:00,43.6267,0.0,0.878,0.0,0.0,-3.512,47.2507,19.7733
2012-03-13 18:30:00,41.4587,0.0,1.666,11580.1,58004.8,682.752,45.2693,19.3593
2012-03-13 18:31:00,39.356,0.0,0.798667,0.0,0.0,-3.904,53.8053,24.0707
2012-03-13 18:32:00,43.16,0.0,0.0,0.0,0.0,-3.316,57.3787,17.9533
2012-03-13 18:33:00,36.7587,0.0,0.909333,11179.3,48507.6,667.733,52.92,20.8453
2012-03-13 18:34:00,42.7947,0.0,1.11733,0.0,0.0,-3.64267,56.8587,21.74
2012-03-13 18:35:00,43.5893,0.0,0.0386667,0.0,0.0,-3.25067,69.8427,19.2733
2012-03-13 18:36:00,45.512,0.0,1.62067,13868.4,50675.7,670.485,64.024,18.4647
2012-03-13 18:37:00,48.64,0.0,0.908667,0.0,0.0,-3.57733,65.064,20.1627
2012-03-13 18:38:00,49.1707,0.0,0.0,0.0,0.0,-3.25067,64.2693,16.53
2012-03-13 18:39:00,45.4133,0.0,1.47733,11680.4,47625.6,676.736,61.1787,15.9567
2012-03-13 18:40:00,49.2453,0.0,0.287333,0.0,0.0,-3.44667,61.3787,19.4533
2012-03-13 18:41:00,49.6267,0.0,0.325333,0.0,0.0,-3.12,64.88,16.6233
2012-03-13 18:42:00,47.0773,0.0,1.88533,10893.3,46981.1,693.973,57.1387,17.0093
2012-03-13 18:43:00,39.6293,0.0,1.34267,0.0,0.0,-3.96933,33.5227,22.58
2012-03-13 18:44:00,43.512,0.0,1.16867,0.0,0.0,-3.38133,47.2347,19.74
2012-03-13 18:45:00,41.0387,0.0,2.67933,10835.3,46900.6,710.528,43.9413,19.612
2012-03-13 18:46:00,40.1587,0.0,0.228,0.0,0.0,-3.708,54.928,23.588
2012-03-13 18:47:00,43.176,0.0,0.0,0.0,0.0,-3.12,57.3493,17.8173
2012-03-13 18:48:00,39.972,0.0,1.20267,10685.4,36554.1,692.011,52.8747,21.452
2012-03-13 18:49:00,43.52,0.0,0.821333,0.0,0.0,-3.708,58.408,21.624
2012-03-13 18:50:00,43.5947,0.0,0.529333,0.0,0.0,-3.18533,70.5147,19.2267
2012-03-13 18:51:00,45.3813,0.0,1.35267,13251.2,39370.8,700.224,63.7493,18.6193
2012-03-13 18:52:00,48.8453,0.0,0.358,0.0,0.0,-3.512,65.5947,20.0473
2012-03-13 18:53:00,49.0347,0.0,0.0,0.0,0.0,-3.18533,63.6053,16.384
2012-03-13 18:54:00,45.5093,0.0,1.452,10971.8,36177.2,707.541,60.432,16.244
2012-03-13 18:55:00,49.5893,0.0,0.41,0.0,0.0,-3.64267,62.1067,19.3887
2012-03-13 18:56:00,49.6293,0.0,0.0,0.0,0.0,-3.25067,65.1867,16.53
2012-03-13 18:57:00,47.0107,0.0,2.11267,10314.8,35005.8,716.501,55.9973,17.3733
2012-03-13 18:58:00,39.472,0.0,0.994,0.0,0.0,-3.96933,33.4773,22.5453
2012-03-13 18:59:00,43.4773,0.0,1.334,0.0,0.0,-3.44667,47.1653,19.65
2012-03-13 19:00:00,40.844,0.0,1.53733,10235.9,34757.3,735.403,43.1787,19.896
2012-03-13 19:01:00,40.752,0.0,0.324,0.0,0.0,-3.64267,55.752,23.2867
2012-03-13 19:02:00,43.1653,0.0,0.0,0.0,0.0,-3.18533,56.8533,17.654
2012-03-13 19:03:00,40.688,0.0,1.49733,10157.1,25960.4,718.251,52.696,21.788
2012-03-13 19:04:00,44.056,0.0,0.563333,0.0,0.0,-3.77333,59.5707,21.496
2012-03-13 19:05:00,43.712,0.0,0.106,0.0,0.0,-3.18533,70.3573,19.1367
2012-03-13 19:06:00,45.3013,0.0,1.58267,12836.2,29567.7,734.891,63.4907,18.7947
2012-03-13 19:07:00,48.9307,0.0,0.114667,0.0,0.0,-3.38133,66.0533,19.9367
2012-03-13 19:08:00,48.8267,0.0,0.0,0.0,0.0,-3.18533,62.8187,16.29
2012-03-13 19:09:00,45.552,0.0,2.028,10485.4,26393.3,733.995,60.2453,16.558
2012-03-13 19:10:00,49.9173,0.0,0.0,0.0,0.0,-3.512,62.6507,19.328
2012-03-13 19:11:00,49.6507,0.0,0.332,0.0,0.0,-3.18533,65.528,16.4233
2012-03-13 19:12:00,46.8933,0.0,2.174,9899.01,25017.0,738.389,54.912,17.7327
2012-03-13 19:13:00,39.4827,0.0,0.717333,0.0,0.0,-3.83867,33.5253,22.46
2012-03-13 19:14:00,43.296,0.0,1.088,0.0,0.0,-3.512,47.2827,19.5467
2012-03-13 19:15:00,40.412,0.0,1.45267,9741.31,24802.6,758.741,42.552,20.1787
2012-03-13 19:16:00,41.2507,0.0,0.716,0.0,0.0,-3.708,56.0213,23.032
2012-03-13 19:17:00,43.104,0.0,0.168,0.0,0.0,-3.18533,56.6053,17.5153
2012-03-13 19:18:00,41.2693,0.0,1.868,9640.96,19033.4,741.12,52.0427,21.836
2012-03-13 19:19:00,44.496,0.0,0.08,0.0,0.0,-3.77333,60.184,21.3867
2012-03-13 19:20:00,44.0027,0.0,0.0,0.0,0.0,-3.18533,70.4267,19.13
2012-03-13 19:21:00,45.1173,0.0,1.31133,12305.1,22515.7,755.2,63.16,18.9613
2012-03-13 19:22:00,49.0907,0.0,0.106667,0.0,0.0,-3.57733,66.6827,19.856
2012-03-13 19:23:00,48.7893,0.0,0.0,0.0,0.0,-3.18533,62.4693,16.1487
2012-03-13 19:24:00,45.6187,0.0,2.02,10243.1,19923.6,746.667,60.0373,16.844
2012-03-13 19:25:00,50.1147,0.0,0.0,0.0,0.0,-3.512,62.912,19.2867
2012-03-13 19:26:00,49.6933,0.0,0.129333,0.0,0.0,-3.12,65.6533,16.326
2012-03-13 19:27:00,46.7067,0.0,2.01667,9633.79,18791.8,761.344,54.1093,18.0813
2012-03-13 19:28:00,39.616,0.0,0.67,0.0,0.0,-3.96933,33.684,22.4147
2012-03-13 19:29:00,43.1653,0.0,1.05667,0.0,0.0,-3.316,47.4107,19.478
2012-03-13 19:30:00,40.0307,0.0,1.85467,9218.05,18419.0,774.699,41.9173,20.4807
2012-03-13 19:31:00,41.616,0.0,0.110667,0.0,0.0,-3.904,56.584,22.7747
2012-03-13 19:32:00,42.872,0.0,0.508,0.0,0.0,-3.10733,56.2693,17.3267
2012-03-13 19:33:00,39.4267,0.0,1.93467,9411.58,15601.0,754.987,52.0773,21.6173
2012-03-13 19:34:00,44.944,0.0,0.052,0.0,0.0,-3.512,61.1787,21.2507
2012-03-13 19:35:00,44.0053,0.0,0.182,0.0,0.0,-3.25067,70.8453,19.1133
2012-03-13 19:36:00,44.9867,0.0,1.60533,12133.0,18776.7,765.781,62.84,19.1713
2012-03-13 19:37:00,49.2693,0.0,0.036,0.0,0.0,-3.57733,66.9307,19.7567
2012-03-13 19:38:00,48.752,0.0,0.0,0.0,0.0,-3.18533,62.2507,16.032
2012-03-13 19:39:00,45.7893,0.0,2.04867,10250.2,16734.2,756.736,60.2213,17.142
2012-03-13 19:40:00,50.2453,0.0,0.0933333,0.0,0.0,-3.44667,62.8693,19.184
2012-03-13 19:41:00,49.6507,0.0,0.861333,0.0,0.0,-3.18533,65.8667,16.2247
2012-03-13 19:42:00,46.5013,0.0,1.95867,9504.77,15587.3,764.416,52.68,18.462
2012-03-13 19:43:00,39.6427,0.0,0.166,0.0,0.0,-3.904,33.9613,22.344
2012-03-13 19:44:00,43.312,0.0,1.24867,0.0,0.0,-3.38133,48.0827,19.4033
2012-03-13 19:45:00,39.8147,0.0,2.16667,9003.01,15330.0,790.699,41.2373,20.74
